Codigo;Materia;Credito
IM1421;Matemática I;5
IC1222;Fundamentos de la Informática;3
IM1223;Lógica Matemática;3
IH1124;Lenguaje y Comunicación;2
IH1125;Ingles I;2
FC0001;Formacion Constitucional;2
ED0001;Economía Digital;3
IM2421;Matemática II;5
IB2322;Física I;4
IC2323;Algoritmos I;3
IH2124;Problemática Científica Tecnológica;2
IH2125;Ingles II;2
IME120;Electiva I;2
AC0001;Arte y Cultura;2
IM3421;Matemática III;5
IB3322;Física II;4
IC3323;Algoritmos II;3
IC3244;Programación I;4
IH3125;Metodología y Técnicas de Investigación;2
IME620;Electiva II;2
IM5421;Matemática IV;5
IM5421;Probabilidad y Estadística;3
IM4323;Estructuras Discretas I;4
IC4244;Programación II;4
IS4225;Base de Datos;3
IME720;Electiva III;2
IC5422;Organización del Computador;5
IM5221;Algebra Booleana;3
IM5323;Estructuras Discretas II;4
IC5244;Programación III;4
IS5205;Teoría de Sistemas;2
IMEIV;Electiva IV;2
IC6322;Arquitectura del Computador;4
IM6243;Métodos Numéricos;4
ID6241;Investigación de Operaciones;4
ID6124;Ingeniería Económica;2
IS6425;Sistemas de Información I;5
IMEV;Electiva V;2
IC7322;Sistemas Operativos;4
ID7322;Control de Proyectos;4
ID7323;Gestión Empresarial;4
IS7244;Traductores e Interpretes;4
IS7324;Sistemas de Información II;5
IT8241;Redes;4
ID8082;Pasantías;4
EA;Electiva de Área I;4
IS8243;Lenguajes de Programación;4
IS8424;Sistemas de Información III;5
IT9241;Sistemas Distribuidos;4
PG9083;Proyecto de Grado I;4
EA0244;Electiva de Área II;4
EL9325;Electiva Libre I;4
IH9202;Ética Profesional;2
DP0001;Deportes;2
ID0221;Gerencia de Proyectos;3
PG0083;Proyecto de Grado II;4
EA9244;Electiva de Área III;4
EL;Electiva Libre II;3
IS0222;Informática Educativa;3
INT122;Inglés Técnico;2
TED122;Técnicas de Estudio y Documentación;2
GED143;Geometría Descriptiva I;3
CAL164;Calculo I;4
MRL122;Métodos del Razonamiento Lógico;2
AYC122;Arte y Cultura;2
CAL264;Calculo II;4
ICH233;Introducción a las Ciencias Humanas;3
FIS264;Física I;4
GED243;Geometría Descriptiva II;3
SCT222;Sociedad Ciencia y Tecnología;2
FIS344;Física II;4
QUB364;Química Básica;4
CAL364;Calculo III;4
MER363;Mecánica Racional I;4
DEP322;Deportes;2
IPI384;Informática para Ingenieros;3
MER464;Mecánica Racional II;4
QUA464;Química Aplicada;4
TOP475;Topografía;4
CAL464;Calculo IV;4
EPI443;Estadística para Ingenieros;3
ENT422;Electiva No Técnica;2
GEA543;Geología Aplicada;3
REM564;Resistencia de Materiales;4
ENT522;Electiva No Técnica II;2
MAE564;Materiales y Ensayos;4
MEF564;Mecánica de Fluidos I;4
CAL564;Calculo V;4
MES675;Mecánica de Suelos;4
HSA643;H & San Ambiental;3
TEE664;Teorías de Estructuras I;4
DIP622;Dibujo de Proyectos;2
HID622;Hidrología;4
MEF864;Mecánica de Fluidos II;4
TEE764;Teorías de Estructuras II;4
INE743;Ingeniería Económica;3
IPE764;Instalaciones para Edificios;4
MEI722;Metodología de la Investigación;3
ACC775;Acueductos y Cloacas;4
ET722;Electiva Técnica;2
ET822;Electiva Técnica II;2
OBH864;Obras Hidráulicas;4
PRP843;Práctica Profesional;3
COA864;Concreto Armado;4
VIC864;Vías de Comunicación I;4
PEA864;Proyectos Estructurales de Acero;4
PRC964;Práctica Comunitaria;4
TEG990;Trabajo Especial de Grado I;4
COP943;Concreto Pretenzado;4
FUM964;Fundaciones y Muros;4
VIC964;Vías de Comunicación II;4
PEC1064;Proyectos Estructurales de Concreto;4
TEG1066;Trabajo Especial de Grado II;4
AD1022;Administración de Obras;4
PAV1064;Pavimentos;2
PUE1043;Puentes;4
FSP132;Formación Socio Política I;2
PRC164;Proyecto Comunitario Socio Energético I;3
DTD133;Dibujo Técnico y Descriptiva;3
MAT184;Matemática I;4
ING122;Ingles Técnico;2
QIN173;Química Inorgánica;4
OIP122;Orientación a la Ingeniería del Petróleo y Gas Natural;2
AYC122;Arte y Cultura;2
INF243;Informática;2
MAT284;Matemática II;4
FIS273;Física I;4
QUO263;Química Orgánica;4
FSP232;Formación Socio Política II;2
PRC264;Proyecto Comunitario Socio Energético II;3
DPT222;Deporte;2
FSP332;Formación Socio Política III;2
PRC364;Proyecto Comunitario Socio Energético III;3
FIS343;Física II;4
GEG364;Geología General;4
MAT384;Matemática III;4
LBF343;Laboratorio de Física;3
FSP432;Formación Socio Política IV;2
PRC464;Proyecto Comunitario Socio Energético IV;3
MRF464;Mecánica de las Rocas y de los Fluidos;4
PRE444;Probabilidades y Estadísticas;4
TGA644;Termodinámica General y Aplicada;4
CFY473;Caracterización Física de los Yacimientos;4
SCG544;Sistema de Compresión de Gas;3
FSP532;Formación Socio Política (Legislación Petrolera);2
PRC564;Proyecto Socio Comunitario Socio Energético V;3
PEP573;Perforación de Pozos;3
CEY534;Caracterización Energética de los Yacimientos;4
TDH543;Transporte y Distribución de Hidrocarburos;3
GEE533;Geología Estructural;3
FSP632;Formación Socio Política (Integración con el Comercio Internacional);2
PRC664;Proyecto Comunitario Socio Energético VI;3
SGI643;Seguridad Industrial;4
CDY633;Caracterización Dinámica de los Yacimientos;3
PEP634;Perfilaje de Pozos;3
COP634;Competación de Pozos;3
ING534;Recuperación Secundaria de Yacimientos;3
PRC764;Proyecto Comunitario Socio Energético VII;3
GEP734;Geología de Producción;3
INP744;Ingeniería de Producción I;3
PIR723;Protección Integral de Riesgos;3
ELP723;Electiva Profesional (Corrosión e Integridad Mecánica);3
EAA723;Evaluación y Auditoría Ambiental;3
TRC743;Transferencia de Calor;3
PRP873;Procesos Petroquímicos;3
PRC864;Proyecto Comunitario Socio Energético VIII;3
ELP822;Electiva Profesional (Gestión y Control de Calidad);2
INP644;Ingeniería de Producción II;4
SNY863;Simulación Numérica de Yacimientos;3
PRR874;Procesos de Refinación;4
TEG9;Trabajo Especial de Grado;9
REM833;Recuperación Mejorada;3
MG5107;Histología Embriología y Genética;4
MG5702;Bioética I;0
MG5701;Medicina General I;2
MG5812;Deportes, Arte y Cultura;2
MG5310;Metodología de la Investigación Científica;2
MG5809;Ingles Instrumental;2
MG5304;Medicina Preventiva, Comunitaria y Familiar I;2
MG5106;Anatomía Humana;3
MG5508;Historia de la Medicina;1
MG5411;Antropología;2
MG5516;Microbiología;3
MG0012;Deportes, Arte y Cultura II;2
MG5418;Bioquímica;4
MG5714;Medicina General II;3
MG5220;Psicología y Sociología Gral;2
MG5324;Estadística y Demografía Médica II;2
MG5417;Fisiología y Biofísica;4
MG5119;Informática;2
MG5115;Medicina Preventiva, Comunitaria y Familiar II;2
MG5245;Derecho Constitucional;2
MG5117;Medicina Preventiva, Comunitaria y Familiar III;4
MG5521;Parasitología;2
MG5420;Semiología Médico Quirúrgica;4
MG5722;Farmacología;4
MG5641;Inteligencia Ética/Deontología Práctica Médica;2
MG5419;Fisiopatología;4
MG5429;Nutrición;2
MG5223;Psicología Médica General;2
MG5716;Medicina General III;2
MG0001;Psicopatología;2
MG5727;Clínica Obstetrica y Ginecología I;3
MG5729;Clínica Quirúrgica I;3
MG5728;Clínica Pediátrica I;3
MG5326;Anatomía Patológica;3
MG5125;Medicina Preventiva Comunitaria y Familiar IV;2
MG5724;Medicina General IV;3
MG0003;Clínica Médica I;3
MG5736;Clínica Quirúrgica II;3
MG5731;Medicina General V;2
MG5735;Clínica Pediátrica II;3
MG5633;Medicina Legal;2
MG5132;Medicina Preventiva, Comunitaria y Familiar V;2
MG5238;Clínica Psiquiátrica;3
MG5734;Clínica Obstetrica y Ginecológica II;3
MG0005;Clínica Médica II;3
MG0006;Internado Rural;3
MG0007;Clínica Médica III;3
MG0010;Clínica Quirúrgica III;3
MG0009;Clínica Obstetrica III;3
MG0008;Clínica Pediátrica III;3
MG5143;Trabajo de Grado;0
OD4205;Morfología Dentaria y Oclusión;3
OD4510;Formación Cultural y Artística;1
OD4106;Odontología Comunitaria I;3
OD4108;Iniciación a la Clínica;3
OD4202;Morfología Humana;3
OD4404;Formación Instrumental;1
OD4203;Bioquímica Aplicada;1
OD4201;Histología, Embriología y Genética;3
OD4509;Educación Física y Deportes I;1
OD4407;Investigación I;1
OD4115;Odontología Comunitaria II;3
OD4211;Histofisiología;1
OD4114;Clínica Integral del Adulto I;8
OD4113;Biomateriales Odontológicos;1
OD4518;Educación Física y Deportes II;1
OD4416;Investigación II;1
OD4312;Microbiología y Parasitología;1
OD4417;Formación Instrumental II;1
OD4519;Formación Cultural y Artística II;1
OD4423;Investigación III;1
OD4121;Clínica Integral del Adulto II;8
OD4120;Atención Integral de Niño I;3
OD4122;Odontología Comunitaria III;3
OD4125;Medicina Interna y Semiología;3
OD4126;Fisiopatología;1
OD4124;Farmacología;1
OD4432;Investigación IV;1
OD4129;Clínica Integral del Adulto III;8
OD4128;Odontología Comunitaria IV;3
OD4127;Atención Integral de Niño II;3
OD4433;Investigación V;1
OD4132;Odontología Comunitaria V;14
OD4230;Toxicología;1
OD4231;Gerontología;1
MV1007;Faenas Pecuarias;0
MV1008;Ingles Instrumental;0
MV1006;Ecología Agrícola;0
MV1002;Análisis del Perfil Profesional;0
MV1005;Educación Física y Deportes;0
MV1003;Bioquímica;0
MV1004;Computación;0
MV1009;Zoología;0
MV1001;Anatomía de los Animales Domesticos;0
MV2004;Histología Veterinaria;0
MV2007;Arte y Cultura;0
MV2001;Bioestadística;0
MV2003;Genética;0
MV2002;Fisiología Animal;0
MV2006;Zootecnia;0
MV2005;Microbiología;0
MV3005;Patología Clínica Veterinaria;0
MV3002;Farmacología Veterinaria;0
MV3007;Semiología Veterinaria;0
MV3003;Nutrición y Alimentación Animal;0
MV3006;Reproducción Animal;0
MV3004;Parasitología Veterinaria;0
MV3001;Anatomía Patológica Veterinaria;0
MV4002;Gerencia de Servicio Veterinaria;0
MV4007;Saneamiento Ambiental;0
MV4005;Medicina de Rumiantes y Equino;0
MV4004;Mejoramiento Animal;0
MV4006;Medicina de Caninos y Felinos;0
MV4003;Investigación Veterinaria I;0
MV4008;Extensión Profesional I;0
MV4001;Cirugía Veterinaria;0
MV5111;Servicio Comunitario;0
MV5006;Medicina Preventiva y Clínica Hospitalaria;0
MV5009;Extensión Profesional II;0
MV5002;Investigación Veterinaria II;0
MV5005;Medicina, Conejo, Peces, Especies Silvestres Laboratorio;0
MV5003;Legislación y Deontología Veterinaria;0
MV5007;Proceso de Producción Ind e Inp San;0
MV5110;Derecho Constitucional;0
MV5001;Epidemiología General;0
MV5004;Medicina de Suinos y Aves;0
MV5008;Pasantías Profesionales;0
MV6017;Invitación del Patrimonio Cultural;0
MV6025;Ortografía y Redacción;0
MV6023;Música Coral;0
MV6009;Probabilidad y Organización Especial del Agro Venezolano;0

DCI101;Derecho Civil I;2
DCO121;Derecho Constitucional;2
PBO151;Pensamiento Bolivariano;2
IDN161;Introducción al Derecho;2
EPO171;Economía Política;2
MIJ181;Métodos de Investigación Jurídica;2
DEP191;Derecho Popular;2
DRO110;Derecho Romano;2
LJU111;Lógica Jurídica;2
DJU112;Deontología Jurídica;2
ACU141;Arte y Cultura;2
DDP131;Deporte;2
DAG237;Derecho Agrario;2
DEA235;Derecho Ambiental;2
MLE233;Medicina Legal;2
CRL234;Criminología;2
DEP222;Derecho Penal I;2
FID236;Filosofía del Derecho;2
DRE238;Derecho Registral;2
PSJ239;Proyecto Socio Jurídico Comunitario I;2
DCI202;Derecho Civil II;2
PJU240;Prácticas Jurídicas I;2
ELT241;Electiva I;2
DAD323;Derecho Administrativo;2
DEP333;Derecho Penal II;2
DLA343;Derecho Laboral;2
DDF353;Derecho Familiar;2
OBL363;Obligaciones I;2
DIP373;Derecho Internacional Público;2
TGP383;Teoría General del Proceso;2
DPR393;Derecho Tributario;2
PSJ339;Proyecto Socio Jurídico II;2
PJU340;Prácticas Jurídicas II;0
ELT341;Electiva II;1
DCA414;Derecho Contencioso Administrativo;2
DPP424;Derecho Procesal Penal I;2
DPL434;Derecho Procesal Laboral I;2
DSU454;Derecho en Sucesiones;2
OBL464;Obligaciones II;2
DIP474;Derecho Internacional Privado;2
DPC484;Derecho Procesal Civil I;2
DPR494;Derecho Probatorio I;2
PSJ439;Proyecto Socio Jurídico III;2
PJU440;Prácticas Jurídicas III;2
ELT441;Electiva III;1
DPP515;Derecho Procesal Penal II;2
OBL525;Obligaciones III;2
DPC535;Derecho Procesal Civil II;2
DME545;Derecho Mercantil;2
DPR555;Derecho Probatorio II;2
CGA565;Contratos y Garantías;2
PSJ539;Proyecto Socio Jurídico IV;2
PJU540;Prácticas Jurídicas IV;2
ELT541;Electiva IV;2
PAS509;Pasantías;2
STG510;Seminario Tesina de Grado;1
MOC143;Morfosintaxis del Castellano;3
CSP122;Comunicación Social en el Periodismo;2
PSC122;Psicología de la Comunicación;2
EST122;Estadística;2
DAC143;Deporte, Arte y Cultura;3
PEB122;Pensamiento Bolivariano;2
PRI222;Periodismo Informativo;2
CSR233;Comunicación Social en la Radio;3
CSC233;Comunicación Social en Cine;3
CST233;Comunicación Social en la Televisión;3
CSF233;Comunicación Social en la Fotografía;3
TREI243;Taller de Redacción y Estilo I;3
PCSI343;Proyecto Comunitario Socio Comunicacional I;3
TREII343;Taller de Redacción y Estilo II;3
COG322;Comunicación Gráfica;2
PER322;Periodismo Radiofónico;2
LPC343;Lenguaje y Planificación Cinematográfica;3
PRT343;Periodismo Televisivo;3
EIS443;Estética de la Imagen y el Sonido;3
TEC422;Teoría de la Comunicación;2
OPP422;Opinión Pública;2
FS422;Formación Sociopolítica;2
PCSII464;Proyecto Comunitario Socio Comunicacional II;4
ELM422;Ética y Legislación de Medios y del Periodismo;2
PCSIII564;Proyecto Comunitario Sociocomunicacional III;4
SOC522;Sociología de la Comunicación;2
INC543;Investigación de la Comunicación;3
PRI522;Periodismo Interpretativo;2
PEO543;Periodismo de Opinión;3
EP522;Economía Política;2
PRT643;Producción de Televisión;3
PRR643;Producción de Radio;3
PRC643;Producción de Cine;3
SFSCI622;Seminario de Formación Socio Crítica I;2
PCSIV643;Proyecto Comunitario Sociocomunicacional IV;3
SEM622;Semiología;2
FOT722;Fotoperiodismo;2
SFSCII732;Seminario de Formación Socio Crítica II;2
PEC722;Periodismo Científico;2
MOA743;Montajes Audiovisuales;3
REP722;Relaciones Públicas;2
PCSV743;Proyecto Comunitario Sociocomunicacional V;3
TEI732;Tecnología de la Información;2
LOB832;Locución Básica;2
PUB843;Publicidad;3
IDM822;Idioma Moderno;2
SFSCIII843;Seminario de Formación Socio Crítica III;3
PE822;Periodismo Económico;2
PCSVI843;Proyecto Comunitario Sociocomunicacional VI;3
OPI822;Orientación Profesional I;2
GEC943;Gerencia Corporativa;3
MER943;Mercadeo;3
LP932;Locución Profesional;2
PCSVII943;Proyecto Comunitario Sociocomunicacional VII;4
PPOL922;Periodismo Político;2
OPII922;Orientación Profesional;2
VPCSC1084;Vinculación Profesional en el Campo Sociocomunicacional;4
TGE1020;Trabajo Especial de Grado;9
MAT1125;Matemática I;5
LYC162;Lenguaje y Comunicación;2
LM162;Legislación Mercantil;2
CONTI1187;Contabilidad I;7
SOCPP162;Sociopolítica Productiva;2
METI162;Metodología de la Investigación;2
DYR162;Deporte y Recreación;2
MATII2125;Matemática II;5
CONTII2187;Contabilidad II;7
ING283;Inglés;3
LEGL262;Legislación Laboral;2
ESTI294;Estadística I;4
IADM262;Introducción a la Adminstración;2
AYC262;Arte y Cultura;2
INF362;Informática;2
CALCF394;Calculo Financiero;4
ITE362;Introducción a la Teoría Económica;2
ESTII394;Estadística II;4
CONTIII3187;Contabilidad III;7
PADM362;Procesos Administrativos;2
CCI4125;Contabilidad de Costos I;5
PPI4187;Práctica Profesional I;7
AUDI4125;Auditoría I;5
CEI4125;Contabilidad Especializada I;5
FGP462;Finanzas y Gestión Presupuestaria;2
ADMP462;Administración Pública;2
SIG582;Sistemas de Información Gerencial;2
IDO594;Investigación de Operaciones;4
AUDII5125;Auditoría II;5
CEII5125;Contabilidad Especializada II;5
CCII5125;Contabilidad de Costos II;5
EGDP562;Gerencia de Proyectos;2
EHABG662;Habilidades Gerenciales;2
ECONTA662;Contabilidad Ambiental;2
STI6125;Sistemas Tributarios I;5
MERC662;Mercadeo;2
PRES662;Presupuesto;2
CCIII6125;Contabilidad de Costos III;5
SEMI662;Seminario I;2
PPII6187;Práctica Profesional II;7
STII7125;Sistemas Tributarios II;5
GTH762;Gestión de Talento Humano;2
AUDIII7125;Auditoría III;5
AEF794;Análisis de Estados Financieros;4
EDP762;Ética y Desarrollo Profesional;2
SEMII762;Seminario II;2
ETRIBA762;Tributación Aduanera;2
ETNC762;Técnicas de Negociación y Conciliación;2
EAV7862;Avalúos;2
INSTF862;Instituciones Financieras;2
TDG8187;Tesina de Grado;7
PAS82410;Pasantías;10
IALEC1125;Introducción a la Economía;5
ATI1125;Análisis Matemático I;5
LYC194;Lenguaje y Comunicación;4
FD162;Fundamentos del Derecho;2
MI1125;Metodología de la Investigación;4
DYR162;Deporte y Recreación;2
IINST162;Ingles Instrumental;2
ECONI2125;Economía I;5
SOC294;Sociología;4
AMATII2125;Análisis Matemático II;5
CGI2125;Contabilidad General I;5
INF294;Informática;4
AYC262;Arte y Cultura;2
ESTI2125;Estadística I;5
ECONII3125;Economía II;5
SPP362;Sociopolítica Productiva;2
ESTII3125;Estadística II;5
CGII3125;Contabilidad General II;5
IADM362;Introducción a la Administración;2
HDE3125;Historia y Doctrina Económica;5
INFA3125;Informática Aplicada;4
MACEI4125;Macroeconomía I;5
AFIN4125;Análisis Financiero;5
MATIII4125;Matemática III;5
MICEI4125;Microeconomía I;5
TIM4125;Teoría e Investigación de Mercado;5
SEMI494;Seminario I;4
ESTA4125;Estadística Aplicada;5
MACEII525;Macroeconomía II;5
MICEII512;Microeconomía II;5
MATFI5125;Matemática Financiera;5
CONTS5125;Contabilidad Social;5
DE5125;Desarrollo Económico;5
AER5125;Análisis Económico Regional;4
ECONP6125;Economía Política;5
FEP6125;Formulación y Evaluación de Proyectos;5
IDO6125;Investigación de Operaciones;5
TPF6125;Teoría y Política Fiscal;5
SEMII694;Seminario II;4
EEPA662;Economía y Política Agrícola;2
EEI662;Economía Industrial;2
EMYP662;Economía Minera y Petrolera;2
EAYS662;Economía Ambiente y Sociedad;2
SEMIII794;Seminario III;4
ECONM7125;Econometría;5
TYPE7125;Teoría y Política Monetaria;5
PLAN7125;Planificación;5
ECONI7125;Economía Internacional;5
EFEPA762;Formulación y Evaluación de Proyectos Agrícolas;2
EGC762;Gestión Comunitaria;2
ECDC762;Contabilidad de Costos;2
EPRES762;Presupuesto;2
TFG8187;Trabajo Final de Grado;7
EFINI862;Finanzas Internacionales;2
EEEM862;Estructura Económica Mundial;2
EGDR862;Gestión de Riesgo;2
ECYC862;Economía y Crisis;2